interval_index,elapsed_sec,interval_sec,frames,fps,alerts,latency_mean_ms,latency_p95_ms,latency_p99_ms,latency_max_ms,cpu_percent,rss_mb,cumulative_frames
1,60.00003326998558,60.00003326998558,601223,10020.377777036265,601223,0.020461000502109528,0.023345835506916067,0.04006855547428137,0.7709519863128662,27.1,70.48828125,601223
2,120.00003349292092,60.00000022293534,1199139,19985.649925741538,1199139,0.0203412976115942,0.022619124501943456,0.0392716125398873,0.5339739322662354,53.6,75.05078125,1800362
3,180.00003369094338,60.00000019802246,1199231,19987.183267368146,1199231,0.020470328629016876,0.022968975827097893,0.046430040150880814,0.42918092012405396,53.8,75.05078125,2999593
4,240.00003442098387,60.00000073004048,1198910,19981.83309020755,1198910,0.020301448181271553,0.0214109905064106,0.038606846705079,0.4316759407520294,53.5,75.0546875,4198503
5,300.0000338900136,59.99999946902972,1198641,19977.350176789656,1198641,0.020445240661501884,0.025387968868017197,0.051829032599925995,0.4637129604816437,54.0,75.0625,5397144
6,360.00003472098615,60.00000083097257,1199039,19983.983056564306,1199039,0.02051590010523796,0.024598069489002096,0.040197000727057446,0.5379658937454224,54.4,75.0625,6596183
7,420.00003351201303,59.99999879102688,1199304,19988.400402757314,1199304,0.01983661763370037,0.02077198587357998,0.03467194922268388,0.5023070573806763,52.6,75.0625,7795487
8,480.00003481598105,60.00000130396802,1198967,19982.7828990515,1198967,0.020398259162902832,0.021465938538312912,0.040356310233473865,0.43121400475502014,53.8,75.0625,8994454
9,540.0000341269188,59.99999931093771,1199369,19989.48356289999,1199369,0.01988927088677883,0.021205982193350792,0.03318260923028024,0.508836030960083,52.9,75.0625,10193823
10,600.0000344879227,60.00000036100391,1198405,19973.416546491975,1198405,0.021173793822526932,0.027263048291206366,0.05213007614016532,0.5748060345649719,55.7,75.06640625,11392228
11,660.0000350769842,60.00000058906153,1197904,19965.06647065579,1197904,0.021146584302186966,0.031693022698163986,0.05266990140080452,0.5099840760231018,55.6,75.06640625,12590132
12,720.000033022021,59.99999794503674,1198270,19971.16735066692,1198270,0.02122199535369873,0.03081304021179676,0.05255802720785141,0.5320640206336975,55.7,75.0703125,13788402
13,780.0000350049231,60.00000198290218,1198338,19972.29933994807,1198338,0.021308429539203644,0.030054012313485146,0.05256699025630951,0.5131540894508362,55.8,75.0703125,14986740
14,840.0000333359931,59.999998331069946,1198805,19980.083889089376,1198805,0.020110568031668663,0.02226179838180546,0.0427589975297451,0.52205890417099,53.1,75.0703125,16185545
15,900.0000348429894,60.00000150699634,1198904,19981.732831460027,1198904,0.02075127884745598,0.025311019271612167,0.04556485943496207,0.4898119866847992,54.5,75.0703125,17384449
16,960.0000341309933,59.99999928800389,1198572,19976.200237049612,1198572,0.020759595558047295,0.026430003345012665,0.049433578811585985,0.38359197974205017,54.7,75.07421875,18583021
17,1020.0000339479884,59.999999816995114,1198790,19979.833394273453,1198790,0.02040187641978264,0.025054969079792506,0.04333523854613325,0.43783697485923767,53.9,75.07421875,19781811
18,1080.0000342830317,60.000000335043296,1199236,19987.26655505667,1199236,0.019968977198004723,0.02146698534488678,0.03523402661085129,0.5133479237556458,52.9,75.07421875,20981047
19,1140.0000345099252,60.00000022689346,1198686,19978.09992445166,1198686,0.021002572029829025,0.026732683181762695,0.05212822500616304,0.5312290787696838,55.1,75.07421875,22179733
20,1200.0000524659408,60.000017956015654,1198352,19972.527356216437,1198352,0.021002545952796936,0.030499003641307348,0.05232705920934677,0.4953089952468872,55.3,75.07421875,23378085
21,1260.000033919001,59.99998145306017,1198378,19972.972840625425,1198378,0.02111588418483734,0.027400230988860044,0.052559288218617425,0.5226969718933105,55.4,75.078125,24576463
22,1320.0000342229614,60.000000303960405,1199066,19984.43323209206,1199066,0.02048281952738762,0.023731030523777008,0.04160170946270246,0.46191003918647766,54.1,75.078125,25775529
23,1380.000034380937,60.00000015797559,1199576,19992.933280693407,1199576,0.01957000605762005,0.02050597593188286,0.02206023782491684,0.46538910269737244,52.0,75.08203125,26975105
24,1440.0000348479953,60.00000046705827,1199146,19985.766511091373,1199146,0.02061532251536846,0.022421009838581085,0.043187674693763396,0.5243920087814331,54.5,75.08203125,28174251
25,1500.000034851022,60.0000000030268,1198980,19982.999998991923,1198980,0.02072431519627571,0.02322101593017578,0.05191296711564064,0.5117100477218628,54.7,75.08203125,29373231
26,1560.0000366090098,60.000001757987775,1198528,19975.46608138958,1198528,0.020567096769809723,0.02481004279106854,0.0520159974694252,0.537913978099823,54.3,75.0859375,30571759
27,1620.000037333928,60.00000072491821,1198169,19969.483092062634,1198169,0.02132606878876686,0.03078300505876541,0.052495043724775314,0.4992299973964691,56.1,75.0859375,31769928
28,1680.0000331349438,59.99999580101576,1199043,19984.05139854528,1199043,0.020639361813664436,0.02724190801382056,0.05194801092147827,0.5100258588790894,54.6,75.0859375,32968971
29,1740.0000343979336,60.00000126298983,1198857,19980.949579404398,1198857,0.02057533524930477,0.023194007575511932,0.04031893238425255,0.5532450675964355,54.3,75.0859375,34167828
30,1800.000033485936,59.99999908800237,1198931,19982.183637061735,1198931,0.02036215178668499,0.02302601933479309,0.04396502561867237,0.5163650512695312,53.9,75.08984375,35366759
31,1860.0000342850108,60.00000079907477,1199151,19985.849733830197,1199151,0.020349275320768356,0.021741027012467384,0.04131597280502319,0.5023690462112427,53.7,75.09375,36565910
32,1920.0000333709177,59.99999908590689,1199059,19984.31697112544,1199059,0.02020943909883499,0.02256093919277191,0.04107598215341568,0.5151840448379517,53.4,75.09375,37764969
33,1980.0000352419447,60.00000187102705,1198087,19968.116043985247,1198087,0.021035531535744667,0.028142007067799568,0.05237304046750069,0.49513497948646545,55.3,75.09375,38963056
34,2040.0000335680088,59.99999832606409,1198850,19980.833890777256,1198850,0.020434536039829254,0.023413915187120438,0.051986075937747955,0.510146975517273,53.9,75.09375,40161906
35,2100.000034737983,60.000001169973984,1198677,19977.949610438645,1198677,0.02066195011138916,0.024325261637568436,0.04278425127267837,0.5386930704116821,54.3,75.09375,41360583
36,2160.0000338179525,59.99999907996971,1199284,19988.06697316045,1199284,0.020355701446533203,0.02487201616168022,0.04335702210664749,0.46807900071144104,54.0,75.09375,42559867
37,2220.0000343549764,60.00000053702388,1198507,19975.116487881423,1198507,0.021281959488987923,0.029694672860205124,0.05265895649790764,0.5268240571022034,55.8,75.09765625,43758374
38,2280.000033603981,59.99999924900476,1198047,19967.450249924335,1198047,0.021428633481264114,0.03427169099450107,0.056168995797634125,0.5541370511054993,56.5,75.09765625,44956421
39,2340.000035321922,60.000001717940904,1198928,19982.132761197947,1198928,0.020608551800251007,0.02261193096637726,0.05213089659810066,0.4518589675426483,54.3,75.1015625,46155349
40,2400.000034739962,59.999999418039806,1199327,19988.78352721127,1199327,0.01975724846124649,0.02076593227684498,0.02225475758314132,0.11860090494155884,52.3,75.1015625,47354676
41,2460.000034095021,59.99999935505912,1198920,19982.000214786814,1198920,0.020659279078245163,0.022328108549118042,0.05196102678775788,0.6217139363288879,54.3,75.1015625,48553596
42,2520.000033839955,59.99999974493403,1198120,19968.666751555455,1198120,0.02112850360572338,0.030808035284280777,0.0537396151944996,0.5506130456924438,55.8,75.1015625,49751716
43,2580.000033788965,59.99999994901009,1199226,19987.100016985674,1199226,0.0201303381472826,0.02097303420305252,0.036886775866150856,0.5302600264549255,53.2,75.1015625,50950942
44,2640.00003397197,60.000000183004886,1198725,19978.749939063186,1198725,0.020842550322413445,0.023928005248308182,0.052377708256244666,0.5153070688247681,54.8,75.1015625,52149667
45,2700.0000328560127,59.999998884042725,1198459,19974.31703817474,1198459,0.0206555537879467,0.024104025214910507,0.050076106563210106,0.5378040075302124,54.3,75.1015625,53348126
46,2760.0000347199384,60.00000186392572,1198959,19982.64937923043,1198959,0.020537585020065308,0.022289203479885923,0.04221140392124644,0.490632027387619,53.9,75.1015625,54547085
47,2820.0000341190025,59.99999939906411,1198508,19975.133533396245,1198508,0.02100403979420662,0.027474015951156616,0.052227988839149475,0.5405100584030151,55.1,75.1015625,55745593
48,2880.000033497927,59.99999937892426,1198848,19980.800206826505,1198848,0.020233282819390297,0.02157699689269066,0.04243557114154109,0.5443390607833862,53.5,75.10546875,56944441
49,2940.0000349290203,60.00000143109355,1198568,19976.13285687142,1198568,0.02102198638021946,0.02558203414082527,0.05227502062916756,0.5301920175552368,55.4,75.109375,58143009
50,3000.0000438289717,60.000008899951354,1199243,19987.380368554783,1199243,0.020165789872407913,0.021175015717744827,0.03632874034345172,0.5202720761299133,53.1,75.109375,59342252
51,3060.00003402296,59.9999901939882,1199049,19984.153266080713,1199049,0.0207720547914505,0.022008968889713272,0.04303049668669702,0.5329479575157166,54.7,75.109375,60541301
52,3120.00003422203,60.0000001990702,1198215,19970.249933741972,1198215,0.021494751796126366,0.028037000447511673,0.05284696817398071,0.5277149677276611,56.5,75.109375,61739516
53,3180.0000370789785,60.00000285694841,1198387,19973.115715630647,1198387,0.0213641207665205,0.030414050631225105,0.052523930892348275,0.5272659659385681,56.2,75.109375,62937903
54,3240.0000364269363,59.99999934795778,1198885,19981.416883812122,1198885,0.021069910377264023,0.028555048629641533,0.05206818133592598,0.5221399664878845,55.5,75.109375,64136788
55,3300.00003464194,59.99999821500387,1198744,19979.06726104263,1198744,0.020947162061929703,0.02378900535404682,0.052438002079725266,0.538305938243866,55.1,75.11328125,65335532
56,3360.000034995959,60.000000354018994,1199058,19984.299882086303,1199058,0.019942011684179306,0.020971987396478653,0.03755347155034535,0.48148900270462036,52.9,75.11328125,66534590
57,3420.0000330340117,59.99999803805258,1199141,19985.683986847685,1199141,0.020492468029260635,0.022600986063480377,0.04001855850219735,0.5326220989227295,54.1,75.11328125,67733731
58,3480.0000345469452,60.00000151293352,1199093,19984.88282940335,1199093,0.020130479708313942,0.021496903151273727,0.04054602786898621,0.5085381269454956,53.4,75.12109375,68932824
59,3540.000034926925,60.00000037997961,1198852,19980.86654012797,1198852,0.020544584840536118,0.022710003610700365,0.05194207280874252,0.5151810050010681,54.1,75.12109375,70131676
60,3600.0000335079385,59.99999858101364,1198993,19983.21713926521,1198993,0.020428316667675972,0.022616004571318626,0.04083508461713799,0.5438489317893982,53.9,75.12109375,71330669
61,3660.1619564580033,60.16192295006476,597677,9934.473013704703,597677,0.02074781432747841,0.027001974359154697,0.04276051998138426,0.5421350002288818,27.2,75.2265625,71928346
